{
  "project_info": {
    "project_number": "964271424930",
    "project_id": "fastmotoapp",
    "storage_bucket": "fastmotoapp.firebasestorage.app"
  },
  "client": [
    {
      "client_info": {
        "mobilesdk_app_id": "1:964271424930:android:0f257f759a021cafc95efb",
        "android_client_info": {
          "package_name": "com.fastmoto.app.fastmoto_passageiro"
        }
      },
      "oauth_client": [],
      "api_key": [
        {
          "current_key": "AIzaSyBfFR1zsd-YGYzb4Xfv_Hm7krpnFFRmxSo"
        }
      ],
      "services": {
        "appinvite_service": {
          "other_platform_oauth_client": []
        }
      }
    },
    {
      "client_info": {
        "mobilesdk_app_id": "1:964271424930:android:f4e4a4b2f2728cfdc95efb",
        "android_client_info": {
          "package_name": "com.fastmoto.piloto.fastmoto_piloto"
        }
      },
      "oauth_client": [],
      "api_key": [
        {
          "current_key": "AIzaSyBfFR1zsd-YGYzb4Xfv_Hm7krpnFFRmxSo"
        }
      ],
      "services": {
        "appinvite_service": {
          "other_platform_oauth_client": []
        }
      }
    },
    {
      "client_info": {
        "mobilesdk_app_id": "1:964271424930:android:8b2ed4bea1275f93c95efb",
        "android_client_info": {
          "package_name": "como.fastmoto.app"
        }
      },
      "oauth_client": [],
      "api_key": [
        {
          "current_key": "AIzaSyBfFR1zsd-YGYzb4Xfv_Hm7krpnFFRmxSo"
        }
      ],
      "services": {
        "appinvite_service": {
          "other_platform_oauth_client": []
        }
      }
    }
  ],
  "configuration_version": "1"
}